<?xml version="1.0" encoding="UTF-8"?>
<beans xmlns="http://www.springframework.org/schema/beans"
	xmlns:xsi="http://www.w3.org/2001/XMLSchema-instance" 
	xmlns:context="http://www.springframework.org/schema/context"
	xmlns:p="http://www.springframework.org/schema/p" 
	xmlns:tx="http://www.springframework.org/schema/tx"
	xmlns:mvc="http://www.springframework.org/schema/mvc"
	xsi:schemaLocation="http://www.springframework.org/schema/beans 
	   		http://www.springframework.org/schema/beans/spring-beans.xsd
	   		http://www.springframework.org/schema/context
	   		http://www.springframework.org/schema/context/spring-context.xsd
	   		http://www.springframework.org/schema/tx 
			http://www.springframework.org/schema/tx/spring-tx.xsd
			http://www.springframework.org/schema/mvc 
			http://www.springframework.org/schema/mvc/spring-mvc.xsd">

	<!-- Spring Mail Sender -->
<bean id="mailSender" 
	class="org.springframework.mail.javamail.JavaMailSenderImpl">
	<property name="host" value="smtp.gmail.com" />
	<property name="port" value="587" />	
	<property name="username" value="user@gmail.com" />
	<property name="password" value="password" />
 	<property name="defaultEncoding" value="UTF-8"/> 
	<property name="javaMailProperties">
	   <props>
       	      <prop key="mail.smtp.auth">true</prop>
       	      <prop key="mail.smtp.socketFactory.class">javax.net.ssl.SSLSocketFactory</prop>
	       	  <prop key="mail.smtp.socketFactory.port">587</prop>
       	      <prop key="mail.smtp.starttls.enable">false</prop>
       	      <prop key="mail.debug">true</prop>
       </props>
	</property>	
</bean>

</beans>